{
    "index": "index.ejs",
    "notfound": "errors/404.ejs",
    "unauthorized": "errors/403.ejs",
    "redirect": {
        "callback": "/dashboard",
        "logout": "/",
        "deleteserver": "/dashboard",
        "updateservers": "/dashboard",
        "invalidcredentials": "/auth",
        "failedcreateserver": "/new",
        "failedmodifyserver": "/servers/edit",
        "setplan": "/admin/users",
        "failedsetplan": "/admin/users",
        "createserverdisabled": "/dashboard/new?err=disabled",
        "modifyserverdisabled": "/dashboard/modify?err=disabled",
        "deleteserverdisabled": "/delete?err=disabled",
        "regenpassword": "/settings",
        "setresources": "/admin/resources",
        "failedremoveresources": "/admin/resources",
        "failedsetresources": "/admin/resources",
        "giftresources": "/gift",
        "failedgiftresources": "/gift",
        "renewserver": "/dashboard",
        "setcoins": "/admin/coins",
        "getip": "/admin/users",
        "referral": "/referral",
        "failedsetcoins": "/admin/coins",
        "purchaseram": "/store",
        "failedpurchaseram": "/store",
        "purchasedisk": "/store",
        "failedpurchasedisk": "/store",
        "purchasecpu": "/store",
        "failedpurchasecpu": "/store",
        "purchaseservers": "/store",
        "failedpurchaseservers": "/store",
        "arcioerror": "/afk",
        "mineroerror": "/afk",
        "missingorinvalidcouponcode": "/dashboard",
        "successfullyredeemedcoupon": "/dashboard",
        "couponcreationfailed": "/admin/coupons",
        "couponcreationsuccess": "/admin/coupons",
        "couponrevokefailed": "/admin/coupons",
        "couponrevokesuccess": "/admin/coupons",
        "removeaccountfailed": "/admin/users",
        "removeaccountsuccess": "/admin/users",
        "servers": "/dashboard"
    },
    "pages": {
        "403": "errors/403.ejs",
        "500": "errors/500.ejs",
        "admin/coins": "admin/coins.ejs",
        "admin/coupons": "admin/coupons.ejs",
        "admin/home": "admin/admin.ejs",
        "admin/resources": "admin/resources.ejs",
        "admin/security": "admin/security.ejs",
        "admin/settings": "admin/settings.ejs",
        "admin/servers": "admin/servers.ejs",
        "admin/servers/view": "admin/servers-view.ejs",
        "admin/subdomains": "admin/subdomains.ejs",
        "admin/users": "admin/users.ejs",
        "admin/users/view": "admin/users.ejs",
        "afk": "earn/afk.ejs",
        "birthday": "features/birthday.ejs",
        "blackmart": "resources/blackmart.ejs",
        "buy": "users/buy.ejs",
        "cookies": "legal/cookies.ejs",
        "dashboard": "users/dashboard.ejs",
        "earn": "earn/earn.ejs",
        "exchange": "resources/exchange.ejs",
        "links": "users/links.ejs",
        "login": "auth/login.ejs",
        "marketplace": "resources/marketplace.ejs",
        "new": "users/create.ejs",
        "onboarding": "features/onboarding.ejs",
        "pages": "robots.txt",
        "play": "users/play.ejs",
        "pp": "legal/pp.ejs",
        "referral": "earn/referral.ejs",
        "register": "auth/register.ejs",
        "robots.txt": "robots.txt",
        "servers": "users/servers.ejs",
        "servers/edit": "users/edit.ejs",
        "server/plugins": "users/plugins.ejs",
        "settings": "users/settings.ejs",
        "store": "resources/store.ejs",
        "tos": "legal/tos.ejs",
        "vpn": "/alerts/vpn.ejs"
    },
    "mustbeloggedin": [
        "/dashboard",
        "/servers",
        "/onboarding",
        "/birthday",
        "/server",
        "/new",
        "/server/plugins",
        "/afk",
        "/blackmart",
        "/servers/edit",
        "/settings",
        "/buy",
        "/j4r",
        "/exchange",
        "/marketplace",
        "/afk",
        "/links",
        "/referral",
        "/coins",
        "/earn"
    ],
    "mustbeadmin": [
        "/admin/home",
        "/admin/coins",
        "/admin/resources",
        "/admin/coupons",
        "/admin/users",
        "/admin/settings",
        "/admin/servers",
        "/admin/servers/view",
        "/admin/security"
    ],
    "variables": {}
}